,MAE,RMSE,MAPE
ARIMA,566629.6784977139,598919.4846863839,27.47552938900837
ETS,239096.41245739986,256084.04277262275,11.648331584476272
SARIMAX,191619.01917586147,240478.82333603542,9.158707710318858
