,MAE,RMSE,MAPE
ARIMA,3675.0181414896274,4661.109451344618,12.049380263321401
ETS,2877.9397609934144,3289.481249438858,9.187724737092857
SARIMAX,2824.5679748139823,3307.708796583937,9.143070128398824
